,,Share Proportion
-9517,photo_album_90,100.0
-16168,photo_album_20,100.0
-16149,photo_album_32,100.0
2053,photo_album_45,100.0
169,photo_album_4,100.0
1261,photo_album_13,100.0
379,photo_album_30,100.0
984,photo_album_46,100.0
169,photo_album_86,100.0
8,photo_album_61,100.0
868,photo_album_68,100.0
1699,photo_album_15,100.0
1174,photo_album_18,100.0
1971,photo_album_54,100.0
1154,photo_album_13,100.0
1941,photo_album_21,100.0
1701,photo_album_15,100.0
1145,photo_album_18,100.0
1143,photo_album_13,100.0
473,photo_album_16,100.0
-15392,photo_album_10,100.0
114,photo_album_84,100.0
-15401,photo_album_20,100.0
1939,photo_album_79,100.0
1713,photo_album_15,100.0
995,photo_album_15,100.0
1935,photo_album_79,100.0
487,photo_album_13,100.0
-9167,photo_album_1,100.0
-16167,photo_album_20,100.0
1269,photo_album_19,100.0
-9516,photo_album_90,100.0
2068,photo_album_45,100.0
1558,photo_album_70,100.0
2178,photo_album_15,100.0
1548,photo_album_12,100.0
2169,photo_album_9,100.0
234,photo_album_29,100.0
2165,photo_album_9,100.0
253,photo_album_41,100.0
-17363,photo_album_66,100.0
1500,photo_album_9,100.0
-17783,photo_album_66,100.0
-17784,photo_album_66,100.0
2139,photo_album_24,100.0
1386,photo_album_15,100.0
157,photo_album_25,100.0
1375,photo_album_15,100.0
157,photo_album_76,100.0
-13429,photo_album_85,100.0
-13429,photo_album_8,100.0
286,photo_album_16,100.0
2098,photo_album_64,100.0
1838,photo_album_36,100.0
2084,photo_album_45,100.0
310,photo_album_16,100.0
132,photo_album_28,100.0
-16170,photo_album_20,100.0
-16169,photo_album_20,100.0
1278,photo_album_38,100.0
-9167,photo_album_14,100.0
1138,photo_album_18,100.0
-9683,photo_album_89,100.0
-9440,photo_album_29,100.0
-12393,photo_album_89,100.0
-12394,photo_album_15,100.0
-12394,photo_album_89,100.0
-9692,photo_album_15,100.0
-9389,photo_album_36,100.0
-9691,photo_album_15,100.0
-9390,photo_album_36,100.0
-9433,photo_album_50,100.0
-9690,photo_album_15,100.0
-9399,photo_album_20,100.0
-9432,photo_album_50,100.0
-9684,photo_album_89,100.0
-9684,photo_album_15,100.0
628,photo_album_9,100.0
-9682,photo_album_89,100.0
-9683,photo_album_15,100.0
-15978,photo_album_36,100.0
64,photo_album_11,100.0
-15975,photo_album_36,100.0
-15977,photo_album_36,100.0
64,photo_album_55,100.0
64,photo_album_67,100.0
-15976,photo_album_36,100.0
646,photo_album_78,100.0
-12393,photo_album_15,100.0
-9236,photo_album_25,100.0
-13289,photo_album_19,100.0
-12310,photo_album_15,100.0
-9253,photo_album_27,100.0
-9681,photo_album_15,100.0
676,photo_album_68,100.0
1744,photo_album_4,100.0
1744,photo_album_91,100.0
-9479,photo_album_50,100.0
-9341,photo_album_10,100.0
1753,photo_album_46,100.0
-9681,photo_album_89,100.0
-9682,photo_album_15,100.0
-16028,photo_album_64,100.0
-9271,photo_album_24,100.0
115,photo_album_42,95.0
234,photo_album_50,95.0
92,photo_album_98,90.0
-15943,photo_album_32,90.0
1646,photo_album_90,90.0
92,photo_album_6,90.0
1829,photo_album_97,90.0
2169,photo_album_70,90.0
-16420,photo_album_87,90.0
1843,photo_album_59,90.0
1566,photo_album_76,90.0
1567,photo_album_9,90.0
1814,photo_album_31,90.0
-14168,photo_album_70,90.0
1648,photo_album_50,90.0
172,photo_album_19,90.0
1657,photo_album_83,90.0
1658,photo_album_50,90.0
172,photo_album_46,90.0
-15415,photo_album_28,90.0
172,photo_album_82,90.0
1910,photo_album_79,90.0
-15427,photo_album_72,90.0
-15392,photo_album_72,90.0
1555,photo_album_9,90.0
-16021,photo_album_36,90.0
-16020,photo_album_36,90.0
768,photo_album_86,90.0
-16078,photo_album_10,90.0
-15578,photo_album_83,90.0
1971,photo_album_25,90.0
1757,photo_album_46,90.0
90,photo_album_49,90.0
-16079,photo_album_10,90.0
-15982,photo_album_10,90.0
1985,photo_album_77,90.0
-15981,photo_album_10,90.0
1989,photo_album_79,90.0
1998,photo_album_41,90.0
2015,photo_album_45,90.0
1688,photo_album_75,90.0
1715,photo_album_54,90.0
-15613,photo_album_29,90.0
1851,photo_album_20,90.0
1663,photo_album_86,90.0
2181,photo_album_75,90.0
792,photo_album_71,90.0
-17078,photo_album_79,90.0
-8984,photo_album_67,90.0
995,photo_album_46,90.0
-9246,photo_album_71,90.0
-9230,photo_album_97,90.0
51,photo_album_38,90.0
1121,photo_album_51,90.0
-13293,photo_album_82,90.0
1121,photo_album_58,90.0
1131,photo_album_51,90.0
-13303,photo_album_46,90.0
-9167,photo_album_82,90.0
-9133,photo_album_13,90.0
479,photo_album_47,90.0
1131,photo_album_58,90.0
1135,photo_album_92,90.0
-9074,photo_album_6,90.0
-13311,photo_album_46,90.0
712,photo_album_73,90.0
105,photo_album_95,90.0
1027,photo_album_46,90.0
-9307,photo_album_31,90.0
-9418,photo_album_50,90.0
-10048,photo_album_66,90.0
-9448,photo_album_29,90.0
674,photo_album_52,90.0
657,photo_album_78,90.0
-9422,photo_album_48,90.0
64,photo_album_80,90.0
-9419,photo_album_50,90.0
683,photo_album_76,90.0
-9325,photo_album_85,90.0
-9415,photo_album_29,90.0
-9349,photo_album_59,90.0
-9348,photo_album_59,90.0
-9347,photo_album_59,90.0
-13271,photo_album_82,90.0
-9344,photo_album_72,90.0
-9341,photo_album_72,90.0
-13314,photo_album_14,90.0
1156,photo_album_84,90.0
1364,photo_album_27,90.0
-18200,photo_album_99,90.0
721,photo_album_94,90.0
294,photo_album_88,90.0
1366,photo_album_27,90.0
-18202,photo_album_99,90.0
286,photo_album_88,90.0
-18201,photo_album_99,90.0
284,photo_album_47,90.0
273,photo_album_89,90.0
135,photo_album_15,90.0
1489,photo_album_9,90.0
1512,photo_album_22,90.0
253,photo_album_3,90.0
234,photo_album_90,90.0
234,photo_album_48,90.0
23,photo_album_84,90.0
1548,photo_album_87,90.0
1159,photo_album_18,90.0
1833,photo_album_97,90.0
718,photo_album_94,90.0
-13399,photo_album_85,90.0
1175,photo_album_32,90.0
1178,photo_album_61,90.0
42,photo_album_98,90.0
42,photo_album_6,90.0
1210,photo_album_75,90.0
796,photo_album_73,90.0
372,photo_album_30,90.0
371,photo_album_100,90.0
1262,photo_album_61,90.0
354,photo_album_92,90.0
33,photo_album_6,90.0
-18608,photo_album_99,90.0
-13397,photo_album_85,90.0
1384,photo_album_22,88.88888888888889
1686,photo_album_22,88.88888888888889
1540,photo_album_22,88.88888888888889
1269,photo_album_1,88.88888888888889
1566,photo_album_12,88.88888888888889
-17086,photo_album_21,88.88888888888889
1382,photo_album_15,88.88888888888889
535,photo_album_15,88.88888888888889
604,photo_album_15,88.88888888888889
1971,photo_album_12,88.88888888888889
715,photo_album_23,88.88888888888889
959,photo_album_13,88.88888888888889
1885,photo_album_21,88.88888888888889
650,photo_album_25,88.88888888888889
607,photo_album_15,88.23529411764706
-15417,photo_album_20,87.5
55,photo_album_6,85.0
1170,photo_album_92,85.0
1364,photo_album_71,80.0
1376,photo_album_89,80.0
3,photo_album_23,80.0
290,photo_album_7,80.0
1366,photo_album_71,80.0
-18314,photo_album_63,80.0
1299,photo_album_34,80.0
-13396,photo_album_85,80.0
323,photo_album_100,80.0
1269,photo_album_46,80.0
-18311,photo_album_63,80.0
376,photo_album_43,80.0
1237,photo_album_93,80.0
1204,photo_album_13,80.0
8,photo_album_98,80.0
-8801,photo_album_42,80.0
1177,photo_album_13,80.0
1170,photo_album_93,80.0
1159,photo_album_13,80.0
-13322,photo_album_1,80.0
-18312,photo_album_63,80.0
286,photo_album_47,80.0
-18310,photo_album_63,80.0
-18309,photo_album_63,80.0
1560,photo_album_76,80.0
-16902,photo_album_21,80.0
-16911,photo_album_79,80.0
-16913,photo_album_79,80.0
23,photo_album_1,80.0
934,photo_album_73,80.0
23,photo_album_81,80.0
1539,photo_album_12,80.0
-13458,photo_album_85,80.0
1518,photo_album_76,80.0
-17440,photo_album_45,80.0
89,photo_album_98,80.0
1511,photo_album_53,80.0
789,photo_album_73,80.0
27,photo_album_42,80.0
1499,photo_album_22,80.0
1495,photo_album_22,80.0
-17759,photo_album_45,80.0
1433,photo_album_94,80.0
-17910,photo_album_52,80.0
-17965,photo_album_44,80.0
1838,photo_album_72,80.0
-13434,photo_album_85,80.0
-18055,photo_album_99,80.0
-13314,photo_album_46,80.0
115,photo_album_49,80.0
471,photo_album_78,80.0
-9009,photo_album_17,80.0
100,photo_album_2,80.0
-9909,photo_album_65,80.0
-9710,photo_album_89,80.0
60,photo_album_59,80.0
-9398,photo_album_10,80.0
-9398,photo_album_28,80.0
615,photo_album_23,80.0
-9406,photo_album_29,80.0
622,photo_album_22,80.0
865,photo_album_22,80.0
64,photo_album_17,80.0
64,photo_album_49,80.0
-9431,photo_album_29,80.0
-12251,photo_album_89,80.0
860,photo_album_12,80.0
672,photo_album_78,80.0
846,photo_album_78,80.0
676,photo_album_78,80.0
68,photo_album_98,80.0
-9645,photo_album_37,80.0
-9595,photo_album_34,80.0
-9594,photo_album_34,80.0
-9559,photo_album_4,80.0
-9531,photo_album_83,80.0
-9371,photo_album_10,80.0
-13270,photo_album_14,80.0
1148,photo_album_34,80.0
576,photo_album_68,80.0
1148,photo_album_20,80.0
2125,photo_album_37,80.0
70,photo_album_98,80.0
-13309,photo_album_1,80.0
-9085,photo_album_6,80.0
-9094,photo_album_11,80.0
-9094,photo_album_17,80.0
1136,photo_album_92,80.0
483,photo_album_43,80.0
-13296,photo_album_14,80.0
5,photo_album_23,80.0
-9208,photo_album_9,80.0
-9209,photo_album_9,80.0
504,photo_album_98,80.0
51,photo_album_75,80.0
53,photo_album_98,80.0
-9251,photo_album_54,80.0
-9252,photo_album_54,80.0
1107,photo_album_94,80.0
543,photo_album_2,80.0
55,photo_album_61,80.0
-9319,photo_album_31,80.0
552,photo_album_43,80.0
932,photo_album_73,80.0
1715,photo_album_12,80.0
914,photo_album_68,80.0
-15604,photo_album_90,80.0
1643,photo_album_90,80.0
1867,photo_album_52,80.0
1753,photo_album_14,80.0
1757,photo_album_19,80.0
1649,photo_album_48,80.0
1651,photo_album_48,80.0
-15601,photo_album_90,80.0
1785,photo_album_94,80.0
1655,photo_album_48,80.0
1764,photo_album_14,80.0
-15956,photo_album_20,80.0
1763,photo_album_14,80.0
1658,photo_album_48,80.0
1757,photo_album_82,80.0
-16240,photo_album_39,80.0
2094,photo_album_24,80.0
-14488,photo_album_37,80.0
-15975,photo_album_72,80.0
-15978,photo_album_72,80.0
1675,photo_album_40,80.0
770,photo_album_78,80.0
1663,photo_album_91,80.0
-15976,photo_album_72,80.0
167,photo_album_86,80.0
908,photo_album_73,80.0
2059,photo_album_45,80.0
-15977,photo_album_72,80.0
1708,photo_album_89,80.0
207,photo_album_94,80.0
77,photo_album_92,80.0
1885,photo_album_78,80.0
1921,photo_album_22,80.0
1837,photo_album_32,80.0
1834,photo_album_85,80.0
-15391,photo_album_28,80.0
1971,photo_album_9,80.0
1976,photo_album_12,80.0
1709,photo_album_89,80.0
1937,photo_album_79,80.0
1714,photo_album_89,80.0
1826,photo_album_38,80.0
-16088,photo_album_20,80.0
1697,photo_album_12,80.0
-15418,photo_album_59,80.0
1573,photo_album_12,80.0
1689,photo_album_89,80.0
2,photo_album_17,80.0
1887,photo_album_63,80.0
1628,photo_album_76,80.0
1688,photo_album_89,80.0
90,photo_album_11,78.94736842105263
393,photo_album_30,77.77777777777777
1229,photo_album_13,77.77777777777777
-8984,photo_album_11,77.77777777777777
1546,photo_album_12,77.77777777777777
1578,photo_album_12,77.77777777777777
1638,photo_album_22,77.77777777777777
-13909,photo_album_21,77.77777777777777
1528,photo_album_12,77.77777777777777
839,photo_album_22,77.77777777777777
1856,photo_album_12,77.77777777777777
1671,photo_album_30,77.77777777777777
273,photo_album_44,76.66666666666667
52,photo_album_68,75.0
-16568,photo_album_5,75.0
158,photo_album_80,75.0
606,photo_album_15,75.0
90,photo_album_42,75.0
-12319,photo_album_15,75.0
1552,photo_album_25,75.0
63,photo_album_80,75.0
1799,photo_album_25,73.6842105263158
340,photo_album_18,73.33333333333333
158,photo_album_11,72.22222222222223
63,photo_album_11,72.22222222222223
488,photo_album_43,70.0
698,photo_album_73,70.0
1720,photo_album_26,70.0
495,photo_album_43,70.0
668,photo_album_78,70.0
667,photo_album_40,70.0
1722,photo_album_94,70.0
478,photo_album_16,70.0
477,photo_album_47,70.0
652,photo_album_78,70.0
60,photo_album_49,70.0
1815,photo_album_97,70.0
1913,photo_album_70,70.0
1916,photo_album_33,70.0
1126,photo_album_77,70.0
1715,photo_album_89,70.0
1816,photo_album_38,70.0
1816,photo_album_75,70.0
476,photo_album_43,70.0
1826,photo_album_62,70.0
470,photo_album_43,70.0
1827,photo_album_3,70.0
1840,photo_album_89,70.0
1149,photo_album_93,70.0
683,photo_album_53,70.0
1840,photo_album_15,70.0
1723,photo_album_81,70.0
1725,photo_album_81,70.0
1815,photo_album_28,70.0
1840,photo_album_95,70.0
579,photo_album_62,70.0
-9874,photo_album_65,70.0
1850,photo_album_28,70.0
693,photo_album_77,70.0
1846,photo_album_25,70.0
555,photo_album_43,70.0
1001,photo_album_23,70.0
1001,photo_album_73,70.0
55,photo_album_98,70.0
1008,photo_album_23,70.0
747,photo_album_94,70.0
1008,photo_album_73,70.0
615,photo_album_78,70.0
1858,photo_album_53,70.0
1039,photo_album_94,70.0
104,photo_album_95,70.0
696,photo_album_40,70.0
1863,photo_album_44,70.0
1114,photo_album_77,70.0
1865,photo_album_44,70.0
1799,photo_album_96,70.0
74,photo_album_98,70.0
63,photo_album_42,70.0
1804,photo_album_31,70.0
1733,photo_album_81,70.0
1841,photo_album_36,70.0
-9949,photo_album_21,70.0
115,photo_album_17,70.0
1175,photo_album_36,70.0
1702,photo_album_89,70.0
1384,photo_album_40,70.0
2114,photo_album_39,70.0
2100,photo_album_37,70.0
1494,photo_album_53,70.0
1485,photo_album_53,70.0
1480,photo_album_26,70.0
2097,photo_album_64,70.0
273,photo_album_83,70.0
1423,photo_album_94,70.0
278,photo_album_24,70.0
278,photo_album_88,70.0
27,photo_album_11,70.0
1381,photo_album_89,70.0
2071,photo_album_66,70.0
138,photo_album_65,70.0
1664,photo_album_86,70.0
1374,photo_album_89,70.0
283,photo_album_88,70.0
1670,photo_album_86,70.0
287,photo_album_88,70.0
1372,photo_album_71,70.0
1645,photo_album_90,70.0
1515,photo_album_96,70.0
469,photo_album_43,70.0
789,photo_album_69,70.0
727,photo_album_23,70.0
2165,photo_album_96,70.0
1567,photo_album_53,70.0
787,photo_album_78,70.0
1564,photo_album_21,70.0
2181,photo_album_38,70.0
1558,photo_album_25,70.0
158,photo_album_42,70.0
22,photo_album_6,70.0
1551,photo_album_25,70.0
1640,photo_album_12,70.0
2117,photo_album_39,70.0
785,photo_album_44,70.0
23,photo_album_65,70.0
1624,photo_album_53,70.0
1540,photo_album_25,70.0
247,photo_album_37,70.0
153,photo_album_81,70.0
1528,photo_album_76,70.0
1526,photo_album_96,70.0
1372,photo_album_27,70.0
1681,photo_album_40,70.0
301,photo_album_16,70.0
455,photo_album_86,70.0
1203,photo_album_84,70.0
1203,photo_album_7,70.0
1193,photo_album_7,70.0
80,photo_album_95,70.0
42,photo_album_61,70.0
1179,photo_album_32,70.0
717,photo_album_33,70.0
737,photo_album_78,70.0
1175,photo_album_82,70.0
458,photo_album_88,70.0
1363,photo_album_71,70.0
1173,photo_album_95,70.0
1172,photo_album_93,70.0
1171,photo_album_93,70.0
463,photo_album_16,70.0
1697,photo_album_76,70.0
1158,photo_album_89,70.0
1158,photo_album_15,70.0
1157,photo_album_72,70.0
1157,photo_album_28,70.0
383,photo_album_100,70.0
1234,photo_album_84,70.0
1235,photo_album_7,70.0
2015,photo_album_95,70.0
1362,photo_album_27,70.0
1357,photo_album_27,70.0
135,photo_album_89,70.0
305,photo_album_16,70.0
132,photo_album_40,70.0
312,photo_album_88,70.0
1685,photo_album_15,70.0
1283,photo_album_46,70.0
1685,photo_album_89,70.0
127,photo_album_15,70.0
2054,photo_album_81,70.0
1686,photo_album_25,70.0
1269,photo_album_14,70.0
329,photo_album_73,70.0
358,photo_album_30,70.0
1686,photo_album_96,70.0
792,photo_album_83,70.0
379,photo_album_100,70.0
124,photo_album_39,70.0
1839,photo_album_36,70.0
681,photo_album_89,70.0
90,photo_album_17,70.0
-16036,photo_album_28,70.0
-15388,photo_album_72,70.0
-16035,photo_album_28,70.0
-18735,photo_album_63,70.0
992,photo_album_92,70.0
-13309,photo_album_82,70.0
-13312,photo_album_46,70.0
-18734,photo_album_63,70.0
87,photo_album_7,70.0
-18637,photo_album_44,70.0
-18636,photo_album_44,70.0
-18635,photo_album_44,70.0
-18634,photo_album_44,70.0
-18633,photo_album_44,70.0
-18630,photo_album_44,70.0
-18736,photo_album_63,70.0
-13306,photo_album_46,70.0
-15494,photo_album_75,70.0
-13285,photo_album_19,70.0
-12985,photo_album_86,70.0
999,photo_album_73,70.0
-9122,photo_album_61,70.0
-9094,photo_album_67,70.0
-9072,photo_album_61,70.0
-9067,photo_album_49,70.0
-9047,photo_album_95,70.0
865,photo_album_77,70.0
-9009,photo_album_49,70.0
999,photo_album_23,70.0
-13289,photo_album_82,70.0
-15401,photo_album_59,70.0
-16012,photo_album_28,70.0
-16013,photo_album_28,70.0
-18613,photo_album_63,70.0
-18612,photo_album_63,70.0
-18611,photo_album_63,70.0
-16557,photo_album_5,70.0
-16179,photo_album_10,70.0
953,photo_album_1,70.0
92,photo_album_61,70.0
-16559,photo_album_5,70.0
-16558,photo_album_5,70.0
-13623,photo_album_31,70.0
-16556,photo_album_5,70.0
-15386,photo_album_36,70.0
-13824,photo_album_3,70.0
-16368,photo_album_5,70.0
893,photo_album_63,70.0
-16188,photo_album_72,70.0
-16367,photo_album_5,70.0
-13847,photo_album_62,70.0
916,photo_album_68,70.0
97,photo_album_49,70.0
-16135,photo_album_32,70.0
-17372,photo_album_66,70.0
-17401,photo_album_45,70.0
915,photo_album_68,70.0
-17900,photo_album_44,70.0
-16072,photo_album_36,70.0
-16071,photo_album_36,70.0
984,photo_album_23,70.0
984,photo_album_73,70.0
-18469,photo_album_52,70.0
-18497,photo_album_99,70.0
-18498,photo_album_99,70.0
-18499,photo_album_99,70.0
987,photo_album_92,70.0
-18500,photo_album_99,70.0
-15494,photo_album_38,70.0
-14140,photo_album_26,70.0
-12876,photo_album_81,70.0
-9334,photo_album_57,70.0
-10123,photo_album_66,70.0
-9490,photo_album_50,70.0
852,photo_album_69,70.0
-12874,photo_album_81,70.0
-10121,photo_album_66,70.0
-12877,photo_album_81,70.0
-10082,photo_album_66,70.0
-10122,photo_album_66,70.0
-10081,photo_album_66,70.0
-9489,photo_album_50,70.0
304,photo_album_16,68.42105263157895
844,photo_album_22,66.66666666666667
348,photo_album_30,66.66666666666667
-16088,photo_album_28,66.66666666666667
457,photo_album_16,66.66666666666667
338,photo_album_30,66.66666666666667
1492,photo_album_22,66.66666666666667
-9375,photo_album_20,66.66666666666667
288,photo_album_16,66.66666666666667
1555,photo_album_12,66.66666666666667
-13840,photo_album_24,66.66666666666667
395,photo_album_30,66.66666666666667
352,photo_album_30,66.66666666666667
47,photo_album_80,66.66666666666667
1360,photo_album_27,66.66666666666667
1489,photo_album_12,66.66666666666667
772,photo_album_23,66.66666666666667
1550,photo_album_12,66.66666666666667
831,photo_album_23,66.66666666666667
1514,photo_album_12,66.66666666666667
1501,photo_album_25,66.66666666666667
378,photo_album_30,66.66666666666667
1651,photo_album_50,66.66666666666667
2165,photo_album_12,66.66666666666667
453,photo_album_16,66.66666666666667
1655,photo_album_50,66.66666666666667
19,photo_album_42,65.0
90,photo_album_55,65.0
84,photo_album_42,65.0
1540,photo_album_9,65.0
674,photo_album_77,65.0
386,photo_album_100,65.0
839,photo_album_12,65.0
74,photo_album_75,65.0
293,photo_album_62,65.0
607,photo_album_89,65.0
455,photo_album_4,63.333333333333336
696,photo_album_89,63.333333333333336
27,photo_album_49,63.333333333333336
2182,photo_album_22,61.111111111111114
1508,photo_album_22,61.111111111111114
-18434,photo_album_60,60.0
391,photo_album_68,60.0
-15886,photo_album_50,60.0
2117,photo_album_64,60.0
899,photo_album_44,60.0
390,photo_album_100,60.0
1362,photo_album_71,60.0
-15579,photo_album_50,60.0
-9398,photo_album_36,60.0
1357,photo_album_71,60.0
1546,photo_album_22,60.0
1360,photo_album_71,60.0
674,photo_album_35,60.0
-17112,photo_album_79,60.0
-9874,photo_album_2,60.0
-15388,photo_album_59,60.0
-16050,photo_album_32,60.0
-13429,photo_album_57,60.0
455,photo_album_47,60.0
-16051,photo_album_32,60.0
1243,photo_album_84,60.0
1243,photo_album_95,60.0
1549,photo_album_96,60.0
1835,photo_album_8,60.0
1548,photo_album_96,60.0
-9727,photo_album_40,60.0
-9726,photo_album_40,60.0
400,photo_album_100,60.0
1269,photo_album_82,60.0
883,photo_album_76,60.0
1718,photo_album_9,60.0
290,photo_album_93,60.0
-9725,photo_album_40,60.0
420,photo_album_100,60.0
1837,photo_album_10,60.0
1985,photo_album_22,60.0
-15385,photo_album_20,60.0
673,photo_album_69,60.0
405,photo_album_100,60.0
1546,photo_album_9,60.0
-18433,photo_album_60,60.0
1702,photo_album_76,60.0
1995,photo_album_79,60.0
-17759,photo_album_66,60.0
2014,photo_album_18,60.0
1488,photo_album_9,60.0
298,photo_album_79,60.0
-16112,photo_album_36,60.0
299,photo_album_47,60.0
1493,photo_album_96,60.0
-17703,photo_album_45,60.0
845,photo_album_73,60.0
332,photo_album_100,60.0
1496,photo_album_53,60.0
1496,photo_album_76,60.0
331,photo_album_100,60.0
1498,photo_album_53,60.0
89,photo_album_6,60.0
-13408,photo_album_57,60.0
79,photo_album_61,60.0
330,photo_album_100,60.0
-16115,photo_album_36,60.0
-13396,photo_album_57,60.0
2029,photo_album_45,60.0
30,photo_album_7,60.0
1507,photo_album_96,60.0
1521,photo_album_9,60.0
328,photo_album_100,60.0
-16114,photo_album_36,60.0
306,photo_album_88,60.0
1516,photo_album_9,60.0
2004,photo_album_66,60.0
790,photo_album_73,60.0
-14527,photo_album_64,60.0
2,photo_album_11,60.0
-16067,photo_album_72,60.0
293,photo_album_41,60.0
-18338,photo_album_52,60.0
-18136,photo_album_60,60.0
-18041,photo_album_44,60.0
-18040,photo_album_44,60.0
-17265,photo_album_21,60.0
1999,photo_album_37,60.0
1701,photo_album_89,60.0
682,photo_album_69,60.0
2097,photo_album_39,60.0
1382,photo_album_89,60.0
1699,photo_album_89,60.0
-16086,photo_album_59,60.0
770,photo_album_44,60.0
1384,photo_album_76,60.0
1697,photo_album_89,60.0
-9431,photo_album_90,60.0
1534,photo_album_70,60.0
-16087,photo_album_59,60.0
296,photo_album_47,60.0
792,photo_album_48,60.0
1532,photo_album_9,60.0
348,photo_album_73,60.0
-17868,photo_album_66,60.0
1450,photo_album_48,60.0
791,photo_album_44,60.0
-17011,photo_album_21,60.0
1210,photo_album_84,60.0
460,photo_album_43,60.0
776,photo_album_53,60.0
1028,photo_album_40,60.0
570,photo_album_43,60.0
57,photo_album_93,60.0
-9542,photo_album_29,60.0
2138,photo_album_62,60.0
57,photo_album_84,60.0
1912,photo_album_26,60.0
-15427,photo_album_20,60.0
-15648,photo_album_50,60.0
-13274,photo_album_19,60.0
1758,photo_album_19,60.0
1840,photo_album_6,60.0
1146,photo_album_95,60.0
1148,photo_album_10,60.0
68,photo_album_6,60.0
1659,photo_album_3,60.0
-9009,photo_album_80,60.0
-9009,photo_album_55,60.0
1598,photo_album_9,60.0
-9009,photo_album_11,60.0
-8984,photo_album_80,60.0
115,photo_album_67,60.0
115,photo_album_80,60.0
1150,photo_album_6,60.0
-9311,photo_album_31,60.0
1914,photo_album_26,60.0
2138,photo_album_41,60.0
1151,photo_album_98,60.0
-8984,photo_album_55,60.0
-16435,photo_album_5,60.0
-13271,photo_album_19,60.0
741,photo_album_9,60.0
1628,photo_album_22,60.0
585,photo_album_79,60.0
-12974,photo_album_81,60.0
1815,photo_album_6,60.0
-12973,photo_album_81,60.0
-15489,photo_album_97,60.0
105,photo_album_34,60.0
63,photo_album_49,60.0
-16214,photo_album_37,60.0
18,photo_album_69,60.0
-12975,photo_album_81,60.0
2168,photo_album_76,60.0
-12976,photo_album_81,60.0
90,photo_album_67,60.0
1640,photo_album_79,60.0
-16200,photo_album_37,60.0
865,photo_album_51,60.0
-12985,photo_album_4,60.0
1639,photo_album_33,60.0
-9541,photo_album_29,60.0
-9169,photo_album_82,60.0
2178,photo_album_40,60.0
604,photo_album_89,60.0
1855,photo_album_10,60.0
690,photo_album_79,60.0
1125,photo_album_51,60.0
-15956,photo_album_10,60.0
-13847,photo_album_24,60.0
-13271,photo_album_1,60.0
113,photo_album_80,60.0
2139,photo_album_3,60.0
1222,photo_album_6,60.0
-8908,photo_album_80,60.0
535,photo_album_89,60.0
1199,photo_album_98,60.0
-8801,photo_album_49,60.0
-13452,photo_album_85,60.0
1178,photo_album_98,60.0
7,photo_album_69,60.0
-15389,photo_album_10,60.0
70,photo_album_6,60.0
-16752,photo_album_79,60.0
1189,photo_album_93,60.0
-9911,photo_album_81,60.0
-16754,photo_album_79,60.0
212,photo_album_31,60.0
1555,photo_album_76,60.0
959,photo_album_18,60.0
1553,photo_album_76,60.0
1722,photo_album_81,60.0
-8801,photo_album_67,60.0
1201,photo_album_40,60.0
1201,photo_album_6,60.0
-16971,photo_album_79,60.0
-18719,photo_album_44,60.0
1721,photo_album_65,60.0
1552,photo_album_79,60.0
47,photo_album_49,60.0
-13407,photo_album_57,60.0
-13313,photo_album_46,60.0
-16972,photo_album_79,60.0
-13316,photo_album_19,60.0
1215,photo_album_98,60.0
468,photo_album_43,60.0
1720,photo_album_65,60.0
-9323,photo_album_57,60.0
-12903,photo_album_65,60.0
1660,photo_album_91,60.0
508,photo_album_88,60.0
-9583,photo_album_34,60.0
677,photo_album_77,60.0
507,photo_album_88,60.0
1164,photo_album_98,60.0
-15391,photo_album_10,60.0
-16436,photo_album_5,60.0
1161,photo_album_95,60.0
677,photo_album_69,60.0
158,photo_album_49,60.0
-13292,photo_album_82,60.0
-9556,photo_album_91,60.0
1934,photo_album_79,60.0
1756,photo_album_82,60.0
53,photo_album_6,60.0
1734,photo_album_81,60.0
-13293,photo_album_14,60.0
1168,photo_album_84,60.0
2128,photo_album_74,60.0
49,photo_album_38,60.0
166,photo_album_91,60.0
-12904,photo_album_65,60.0
1566,photo_album_9,60.0
1946,photo_album_21,60.0
-16113,photo_album_36,60.0
1173,photo_album_7,60.0
2129,photo_album_74,60.0
100,photo_album_40,60.0
1831,photo_album_97,60.0
117,photo_album_87,60.0
1697,photo_album_15,58.8235294117647
696,photo_album_15,58.8235294117647
1384,photo_album_15,58.8235294117647
828,photo_album_23,57.89473684210526
829,photo_album_23,57.89473684210526
442,photo_album_6,56.666666666666664
1516,photo_album_12,55.55555555555556
378,photo_album_26,55.55555555555556
60,photo_album_11,55.55555555555556
1548,photo_album_22,55.55555555555556
435,photo_album_30,55.55555555555556
585,photo_album_26,55.55555555555556
439,photo_album_30,55.55555555555556
1146,photo_album_20,55.55555555555556
-12776,photo_album_15,55.55555555555556
667,photo_album_15,55.55555555555556
-13439,photo_album_8,55.55555555555556
-12777,photo_album_15,55.55555555555556
1157,photo_album_20,55.55555555555556
1561,photo_album_26,55.55555555555556
869,photo_album_23,55.55555555555556
1563,photo_album_12,55.55555555555556
-14204,photo_album_26,55.55555555555556
1175,photo_album_7,55.55555555555556
-16016,photo_album_28,55.55555555555556
811,photo_album_23,55.55555555555556
-12775,photo_album_15,55.55555555555556
328,photo_album_30,55.55555555555556
336,photo_album_30,55.55555555555556
330,photo_album_30,55.55555555555556
1501,photo_album_22,55.55555555555556
1697,photo_album_25,55.55555555555556
688,photo_album_12,55.55555555555556
375,photo_album_30,55.55555555555556
334,photo_album_30,55.55555555555556
329,photo_album_30,55.55555555555556
1386,photo_album_40,55.0
47,photo_album_55,55.0
544,photo_album_81,55.0
158,photo_album_17,55.0
844,photo_album_12,55.0
2094,photo_album_39,55.0
27,photo_album_67,55.0
1375,photo_album_40,55.0
63,photo_album_17,55.0
355,photo_album_100,55.0
868,photo_album_44,55.0
478,photo_album_78,55.0
881,photo_album_44,55.0
4,photo_album_34,55.0
394,photo_album_100,55.0
166,photo_album_86,55.0
801,photo_album_39,55.0
606,photo_album_79,55.0
1540,photo_album_96,55.0
380,photo_album_30,55.0
2138,photo_album_3,55.0
674,photo_album_58,55.0
650,photo_album_96,55.0
27,photo_album_80,53.333333333333336
-16003,photo_album_37,50.0
2165,photo_album_26,50.0
1752,photo_album_4,50.0
1868,photo_album_45,50.0
-15414,photo_album_72,50.0
1753,photo_album_1,50.0
1921,photo_album_26,50.0
1755,photo_album_46,50.0
1659,photo_album_4,50.0
1765,photo_album_46,50.0
1855,photo_album_72,50.0
-15961,photo_album_39,50.0
1762,photo_album_46,50.0
1777,photo_album_87,50.0
-15954,photo_album_72,50.0
-15900,photo_album_56,50.0
1931,photo_album_44,50.0
19,photo_album_73,50.0
1848,photo_album_59,50.0
-15899,photo_album_56,50.0
1846,photo_album_26,50.0
1770,photo_album_48,50.0
1875,photo_album_99,50.0
1750,photo_album_4,50.0
1971,photo_album_79,50.0
-16010,photo_album_37,50.0
-14223,photo_album_40,50.0
172,photo_album_34,50.0
1669,photo_album_4,50.0
167,photo_album_4,50.0
-15381,photo_album_72,50.0
199,photo_album_87,50.0
-16058,photo_album_72,50.0
1990,photo_album_97,50.0
1998,photo_album_62,50.0
1743,photo_album_4,50.0
1840,photo_album_84,50.0
2094,photo_album_62,50.0
1697,photo_album_54,50.0
2,photo_album_80,50.0
90,photo_album_79,50.0
1686,photo_album_76,50.0
1686,photo_album_53,50.0
1666,photo_album_4,50.0
1665,photo_album_4,50.0
2165,photo_album_53,50.0
-15898,photo_album_56,50.0
1958,photo_album_37,50.0
1740,photo_album_91,50.0
1661,photo_album_91,50.0
1662,photo_album_4,50.0
-15389,photo_album_72,50.0
-15666,photo_album_48,50.0
2120,photo_album_37,50.0
2091,photo_album_66,50.0
1663,photo_album_4,50.0
-15668,photo_album_48,50.0
1840,photo_album_93,50.0
-16182,photo_album_59,50.0
-16181,photo_album_59,50.0
1720,photo_album_70,50.0
-16180,photo_album_59,50.0
1859,photo_album_45,50.0
1540,photo_album_54,50.0
1645,photo_album_48,50.0
1162,photo_album_98,50.0
801,photo_album_3,50.0
1168,photo_album_82,50.0
500,photo_album_16,50.0
507,photo_album_16,50.0
1164,photo_album_61,50.0
1164,photo_album_6,50.0
1163,photo_album_93,50.0
1161,photo_album_34,50.0
-13296,photo_album_1,50.0
865,photo_album_76,50.0
-13290,photo_album_46,50.0
-8879,photo_album_16,50.0
1151,photo_album_61,50.0
551,photo_album_43,50.0
567,photo_album_43,50.0
804,photo_album_9,50.0
-8828,photo_album_49,50.0
995,photo_album_40,50.0
404,photo_album_70,50.0
-18699,photo_album_44,50.0
1286,photo_album_34,50.0
883,photo_album_54,50.0
1264,photo_album_34,50.0
447,photo_album_23,50.0
1235,photo_album_93,50.0
-13323,photo_album_82,50.0
1212,photo_album_13,50.0
-13313,photo_album_19,50.0
492,photo_album_47,50.0
-13312,photo_album_82,50.0
1193,photo_album_93,50.0
1190,photo_album_95,50.0
1185,photo_album_92,50.0
-13306,photo_album_82,50.0
-8801,photo_album_80,50.0
800,photo_album_69,50.0
-9067,photo_album_67,50.0
1132,photo_album_77,50.0
60,photo_album_67,50.0
-9366,photo_album_36,50.0
1034,photo_album_78,50.0
-9279,photo_album_41,50.0
828,photo_album_69,50.0
-12971,photo_album_81,50.0
-12970,photo_album_81,50.0
-12968,photo_album_81,50.0
-12967,photo_album_81,50.0
656,photo_album_78,50.0
82,photo_album_78,50.0
661,photo_album_78,50.0
829,photo_album_69,50.0
668,photo_album_21,50.0
-9714,photo_album_40,50.0
-9407,photo_album_56,50.0
-9410,photo_album_83,50.0
680,photo_album_23,50.0
1036,photo_album_23,50.0
1037,photo_album_78,50.0
-9278,photo_album_41,50.0
104,photo_album_34,50.0
-9169,photo_album_19,50.0
-9216,photo_album_75,50.0
1120,photo_album_51,50.0
1118,photo_album_51,50.0
824,photo_album_96,50.0
1112,photo_album_35,50.0
1109,photo_album_35,50.0
-12979,photo_album_86,50.0
-12978,photo_album_86,50.0
1104,photo_album_77,50.0
1102,photo_album_77,50.0
1065,photo_album_79,50.0
63,photo_album_55,50.0
63,photo_album_67,50.0
1040,photo_album_78,50.0
1292,photo_album_34,50.0
432,photo_album_30,50.0
1534,photo_album_54,50.0
298,photo_album_39,50.0
1556,photo_album_26,50.0
27,photo_album_87,50.0
273,photo_album_90,50.0
1552,photo_album_33,50.0
274,photo_album_16,50.0
-13425,photo_album_8,50.0
1549,photo_album_53,50.0
-13417,photo_album_8,50.0
-17140,photo_album_21,50.0
1547,photo_album_53,50.0
-17176,photo_album_21,50.0
1542,photo_album_76,50.0
1541,photo_album_54,50.0
1540,photo_album_76,50.0
-17276,photo_album_79,50.0
1537,photo_album_87,50.0
-13411,photo_album_8,50.0
-16868,photo_album_79,50.0
1563,photo_album_33,50.0
954,photo_album_69,50.0
23,photo_album_2,50.0
-16351,photo_album_5,50.0
2169,photo_album_21,50.0
-16352,photo_album_5,50.0
-16353,photo_album_5,50.0
22,photo_album_61,50.0
1623,photo_album_79,50.0
225,photo_album_36,50.0
158,photo_album_67,50.0
-16716,photo_album_79,50.0
158,photo_album_55,50.0
-16612,photo_album_5,50.0
-16613,photo_album_5,50.0
-16614,photo_album_5,50.0
-16615,photo_album_5,50.0
-16616,photo_album_5,50.0
-16617,photo_album_5,50.0
385,photo_album_100,50.0
146,photo_album_59,50.0
350,photo_album_100,50.0
184,photo_album_87,50.0
362,photo_album_30,50.0
1384,photo_album_89,50.0
374,photo_album_30,50.0
1395,photo_album_94,50.0
352,photo_album_100,50.0
-17974,photo_album_44,50.0
1377,photo_album_89,50.0
1525,photo_album_25,50.0
344,photo_album_45,50.0
790,photo_album_97,50.0
378,photo_album_100,50.0
146,photo_album_34,50.0
1371,photo_album_27,50.0
790,photo_album_38,50.0
717,photo_album_54,50.0
344,photo_album_100,50.0
1367,photo_album_71,50.0
338,photo_album_100,50.0
-13389,photo_album_8,50.0
380,photo_album_100,50.0
1502,photo_album_33,50.0
317,photo_album_48,50.0
313,photo_album_16,50.0
381,photo_album_100,50.0
306,photo_album_16,50.0
302,photo_album_47,50.0
300,photo_album_52,50.0
382,photo_album_100,50.0
372,photo_album_78,50.0
1151,photo_album_6,45.0
480,photo_album_47,45.0
1561,photo_album_76,45.0
2,photo_album_49,45.0
167,photo_album_91,45.0
1540,photo_album_53,45.0
537,photo_album_43,45.0
1356,photo_album_71,45.0
1847,photo_album_28,44.44444444444444
74,photo_album_20,44.44444444444444
-13323,photo_album_14,44.44444444444444
497,photo_album_24,44.44444444444444
340,photo_album_13,44.44444444444444
2166,photo_album_23,44.44444444444444
-9508,photo_album_29,44.44444444444444
1629,photo_album_22,44.44444444444444
1554,photo_album_12,44.44444444444444
-15980,photo_album_28,44.44444444444444
1512,photo_album_12,44.44444444444444
-9067,photo_album_11,44.44444444444444
-16166,photo_album_28,44.44444444444444
770,photo_album_23,44.44444444444444
-17207,photo_album_21,44.44444444444444
-9372,photo_album_20,44.44444444444444
776,photo_album_25,44.44444444444444
1498,photo_album_25,44.44444444444444
1547,photo_album_12,44.44444444444444
1592,photo_album_22,44.44444444444444
60,photo_album_42,43.333333333333336
293,photo_album_3,40.0
-17507,photo_album_45,40.0
1532,photo_album_54,40.0
890,photo_album_70,40.0
726,photo_album_88,40.0
1514,photo_album_33,40.0
29,photo_album_94,40.0
-13406,photo_album_57,40.0
1106,photo_album_77,40.0
1549,photo_album_9,40.0
1107,photo_album_63,40.0
-13402,photo_album_57,40.0
542,photo_album_43,40.0
-13401,photo_album_57,40.0
32,photo_album_80,40.0
824,photo_album_76,40.0
-13398,photo_album_57,40.0
1508,photo_album_9,40.0
1502,photo_album_54,40.0
1501,photo_album_9,40.0
-17646,photo_album_45,40.0
1499,photo_album_96,40.0
1121,photo_album_2,40.0
1492,photo_album_25,40.0
1548,photo_album_9,40.0
-13439,photo_album_57,40.0
285,photo_album_16,40.0
280,photo_album_47,40.0
1661,photo_album_4,40.0
166,photo_album_48,40.0
166,photo_album_4,40.0
1659,photo_album_8,40.0
2148,photo_album_37,40.0
2149,photo_album_37,40.0
2150,photo_album_37,40.0
-16203,photo_album_39,40.0
-16203,photo_album_64,40.0
-16204,photo_album_39,40.0
-16204,photo_album_64,40.0
-9274,photo_album_62,40.0
1638,photo_album_54,40.0
1632,photo_album_54,40.0
2182,photo_album_9,40.0
1620,photo_album_87,40.0
-13737,photo_album_31,40.0
-13644,photo_album_31,40.0
1564,photo_album_79,40.0
1563,photo_album_54,40.0
1561,photo_album_54,40.0
-9274,photo_album_41,40.0
1557,photo_album_76,40.0
1556,photo_album_96,40.0
-13452,photo_album_8,40.0
1554,photo_album_54,40.0
1552,photo_album_54,40.0
276,photo_album_88,40.0
97,photo_album_55,40.0
-17719,photo_album_66,40.0
-17732,photo_album_45,40.0
717,photo_album_78,40.0
1179,photo_album_6,40.0
487,photo_album_34,40.0
-13274,photo_album_14,40.0
-8801,photo_album_55,40.0
485,photo_album_62,40.0
1178,photo_album_97,40.0
-8798,photo_album_68,40.0
1182,photo_album_61,40.0
-13316,photo_album_1,40.0
805,photo_album_69,40.0
-13311,photo_album_14,40.0
1198,photo_album_84,40.0
1199,photo_album_6,40.0
1200,photo_album_98,40.0
-18692,photo_album_44,40.0
-9094,photo_album_55,40.0
1137,photo_album_82,40.0
-8828,photo_album_17,40.0
1166,photo_album_6,40.0
1163,photo_album_7,40.0
-13291,photo_album_19,40.0
511,photo_album_43,40.0
-13277,photo_album_14,40.0
517,photo_album_47,40.0
696,photo_album_53,40.0
527,photo_album_93,40.0
-8908,photo_album_11,40.0
-13290,photo_album_14,40.0
534,photo_album_73,40.0
1157,photo_album_59,40.0
-13287,photo_album_46,40.0
1155,photo_album_84,40.0
1210,photo_album_97,40.0
716,photo_album_87,40.0
1662,photo_album_86,40.0
-13368,photo_album_74,40.0
-18411,photo_album_52,40.0
113,photo_album_11,40.0
1371,photo_album_71,40.0
1376,photo_album_97,40.0
-13367,photo_album_74,40.0
-17964,photo_album_44,40.0
-13381,photo_album_74,40.0
1212,photo_album_18,40.0
60,photo_album_80,40.0
357,photo_album_100,40.0
-13387,photo_album_57,40.0
-17876,photo_album_45,40.0
347,photo_album_18,40.0
1446,photo_album_4,40.0
-18412,photo_album_52,40.0
1356,photo_album_27,40.0
1345,photo_album_34,40.0
1306,photo_album_1,40.0
1301,photo_album_34,40.0
599,photo_album_47,40.0
992,photo_album_34,40.0
1279,photo_album_34,40.0
598,photo_album_47,40.0
798,photo_album_69,40.0
-9169,photo_album_1,40.0
585,photo_album_70,40.0
456,photo_album_43,40.0
-13323,photo_album_46,40.0
1228,photo_album_93,40.0
462,photo_album_88,40.0
1219,photo_album_34,40.0
2122,photo_album_64,40.0
540,photo_album_43,40.0
1942,photo_album_94,40.0
-14491,photo_album_64,40.0
-15422,photo_album_28,40.0
2119,photo_album_37,40.0
-15423,photo_album_28,40.0
679,photo_album_21,40.0
1947,photo_album_79,40.0
1877,photo_album_52,40.0
1686,photo_album_33,40.0
-15962,photo_album_32,40.0
1735,photo_album_34,40.0
-15489,photo_album_38,40.0
-14490,photo_album_64,40.0
1876,photo_album_31,40.0
865,photo_album_35,40.0
74,photo_album_72,40.0
1733,photo_album_2,40.0
1849,photo_album_28,40.0
2034,photo_album_45,40.0
-9493,photo_album_90,40.0
-9372,photo_album_59,40.0
-16110,photo_album_32,40.0
1861,photo_album_60,40.0
-16109,photo_album_32,40.0
1865,photo_album_63,40.0
-16000,photo_album_32,40.0
1979,photo_album_21,40.0
198,photo_album_5,40.0
-16091,photo_album_10,40.0
-9598,photo_album_39,40.0
741,photo_album_54,40.0
-9584,photo_album_64,40.0
1754,photo_album_82,40.0
-14240,photo_album_33,40.0
1847,photo_album_59,40.0
-9390,photo_album_10,40.0
2118,photo_album_37,40.0
-14204,photo_album_70,40.0
727,photo_album_54,40.0
1935,photo_album_62,40.0
193,photo_album_5,40.0
-15770,photo_album_60,40.0
1674,photo_album_96,40.0
1833,photo_album_38,40.0
-9776,photo_album_87,40.0
1844,photo_album_10,40.0
-16166,photo_album_59,40.0
843,photo_album_69,40.0
-9389,photo_album_10,40.0
-9901,photo_album_2,40.0
1831,photo_album_38,40.0
1846,photo_album_33,40.0
1829,photo_album_38,40.0
-16162,photo_album_32,40.0
1702,photo_album_25,37.5
-16104,photo_album_20,37.5
1533,photo_album_25,37.5
-8828,photo_album_11,37.5
1151,photo_album_20,37.5
-16102,photo_album_20,37.5
1539,photo_album_25,37.5
1384,photo_album_25,35.294117647058826
1686,photo_album_70,35.0
299,photo_album_88,35.0
485,photo_album_47,35.0
455,photo_album_88,35.0
273,photo_album_56,35.0
273,photo_album_50,35.0
32,photo_album_42,35.0
296,photo_album_88,35.0
2,photo_album_42,35.0
618,photo_album_23,33.333333333333336
1011,photo_album_23,33.333333333333336
1142,photo_album_13,33.333333333333336
1686,photo_album_26,33.333333333333336
1144,photo_album_13,33.333333333333336
97,photo_album_11,33.333333333333336
1010,photo_album_23,33.333333333333336
13,photo_album_13,33.333333333333336
1643,photo_album_29,33.333333333333336
981,photo_album_23,33.333333333333336
630,photo_album_23,33.333333333333336
1629,photo_album_25,33.333333333333336
792,photo_album_27,31.03448275862069
-15951,photo_album_36,30.0
1897,photo_album_52,30.0
421,photo_album_30,30.0
598,photo_album_88,30.0
1247,photo_album_61,30.0
1273,photo_album_34,30.0
795,photo_album_63,30.0
387,photo_album_69,30.0
-13336,photo_album_74,30.0
1283,photo_album_19,30.0
1900,photo_album_60,30.0
-15427,photo_album_59,30.0
-13351,photo_album_74,30.0
392,photo_album_100,30.0
-15428,photo_album_59,30.0
1358,photo_album_71,30.0
113,photo_album_17,30.0
-9407,photo_album_83,30.0
-13269,photo_album_14,30.0
-13364,photo_album_74,30.0
-18240,photo_album_44,30.0
1378,photo_album_40,30.0
1382,photo_album_22,30.0
1240,photo_album_98,30.0
-13308,photo_album_46,30.0
1799,photo_album_33,30.0
1168,photo_album_14,30.0
1175,photo_album_19,30.0
-8820,photo_album_67,30.0
493,photo_album_43,30.0
1173,photo_album_92,30.0
-8820,photo_album_80,30.0
496,photo_album_88,30.0
-15899,photo_album_83,30.0
1168,photo_album_19,30.0
500,photo_album_47,30.0
503,photo_album_47,30.0
-13276,photo_album_46,30.0
1235,photo_album_84,30.0
1846,photo_album_54,30.0
-8828,photo_album_80,30.0
1147,photo_album_18,30.0
802,photo_album_78,30.0
533,photo_album_73,30.0
-15861,photo_album_48,30.0
-15898,photo_album_83,30.0
-8908,photo_album_17,30.0
-10043,photo_album_99,30.0
542,photo_album_51,30.0
-13305,photo_album_19,30.0
1851,photo_album_59,30.0
-13306,photo_album_14,30.0
575,photo_album_96,30.0
1799,photo_album_53,30.0
1884,photo_album_60,30.0
1876,photo_album_73,30.0
1132,photo_album_35,30.0
-15950,photo_album_36,30.0
1875,photo_album_64,30.0
1875,photo_album_60,30.0
-15949,photo_album_36,30.0
1207,photo_album_61,30.0
580,photo_album_16,30.0
-15948,photo_album_36,30.0
1866,photo_album_60,30.0
1132,photo_album_58,30.0
-13308,photo_album_82,30.0
1193,photo_album_84,30.0
-15942,photo_album_72,30.0
-15941,photo_album_72,30.0
-15940,photo_album_72,30.0
-15922,photo_album_64,30.0
-15624,photo_album_50,30.0
-15900,photo_album_83,30.0
-17918,photo_album_60,30.0
1662,photo_album_91,30.0
-9765,photo_album_5,30.0
-9914,photo_album_2,30.0
912,photo_album_78,30.0
-14473,photo_album_39,30.0
893,photo_album_52,30.0
273,photo_album_29,30.0
273,photo_album_48,30.0
2027,photo_album_45,30.0
1551,photo_album_54,30.0
643,photo_album_68,30.0
-13438,photo_album_85,30.0
280,photo_album_88,30.0
-13422,photo_album_8,30.0
-13415,photo_album_8,30.0
1995,photo_album_33,30.0
-9913,photo_album_2,30.0
-10037,photo_album_60,30.0
-17343,photo_album_66,30.0
368,photo_album_100,30.0
720,photo_album_23,30.0
-17344,photo_album_66,30.0
826,photo_album_73,30.0
1523,photo_album_100,30.0
-17439,photo_album_66,30.0
684,photo_album_69,30.0
1996,photo_album_39,30.0
1561,photo_album_70,30.0
-13456,photo_album_85,30.0
727,photo_album_9,30.0
785,photo_album_68,30.0
1012,photo_album_81,30.0
2131,photo_album_74,30.0
-16187,photo_album_39,30.0
1656,photo_album_83,30.0
2105,photo_album_39,30.0
2103,photo_album_39,30.0
2155,photo_album_37,30.0
2096,photo_album_37,30.0
1042,photo_album_75,30.0
1639,photo_album_54,30.0
-14101,photo_album_33,30.0
-14100,photo_album_33,30.0
-9971,photo_album_79,30.0
1633,photo_album_54,30.0
1683,photo_album_40,30.0
-13830,photo_album_3,30.0
776,photo_album_35,30.0
2094,photo_album_16,30.0
-13827,photo_album_24,30.0
158,photo_album_53,30.0
-13817,photo_album_3,30.0
-13735,photo_album_31,30.0
950,photo_album_76,30.0
-16063,photo_album_20,30.0
320,photo_album_88,30.0
318,photo_album_88,30.0
316,photo_album_47,30.0
-17581,photo_album_45,30.0
-9507,photo_album_53,30.0
317,photo_album_88,30.0
-9270,photo_album_41,30.0
1985,photo_album_70,30.0
1110,photo_album_35,30.0
1985,photo_album_47,30.0
1716,photo_album_82,30.0
-17586,photo_album_45,30.0
1501,photo_album_96,30.0
683,photo_album_69,30.0
1962,photo_album_21,30.0
832,photo_album_73,30.0
333,photo_album_30,30.0
1123,photo_album_51,30.0
-16006,photo_album_32,30.0
823,photo_album_73,30.0
1411,photo_album_94,30.0
-9884,photo_album_81,30.0
-16062,photo_album_20,30.0
719,photo_album_23,30.0
748,photo_album_68,30.0
1125,photo_album_35,30.0
1715,photo_album_96,30.0
307,photo_album_88,30.0
-17917,photo_album_60,30.0
310,photo_album_88,30.0
677,photo_album_58,26.666666666666668
2054,photo_album_2,26.31578947368421
1723,photo_album_2,26.31578947368421
792,photo_album_56,25.0
47,photo_album_67,25.0
1121,photo_album_94,25.0
1550,photo_album_54,25.0
-14238,photo_album_26,22.22222222222222
-13276,photo_album_1,22.22222222222222
1541,photo_album_22,22.22222222222222
1359,photo_album_27,22.22222222222222
1489,photo_album_25,22.22222222222222
-14239,photo_album_26,22.22222222222222
2137,photo_album_24,22.22222222222222
1535,photo_album_22,22.22222222222222
341,photo_album_30,22.22222222222222
-14237,photo_album_26,22.22222222222222
400,photo_album_30,22.22222222222222
405,photo_album_30,22.22222222222222
-12986,photo_album_86,20.0
-9549,photo_album_4,20.0
-9340,photo_album_8,20.0
1036,photo_album_73,20.0
-9354,photo_album_72,20.0
585,photo_album_33,20.0
84,photo_album_67,20.0
564,photo_album_7,20.0
585,photo_album_47,20.0
-12978,photo_album_91,20.0
-9892,photo_album_65,20.0
594,photo_album_88,20.0
1104,photo_album_58,20.0
-12979,photo_album_91,20.0
1104,photo_album_35,20.0
595,photo_album_47,20.0
-9593,photo_album_64,20.0
646,photo_album_58,20.0
860,photo_album_96,20.0
-9876,photo_album_2,20.0
-9893,photo_album_65,20.0
105,photo_album_2,20.0
1140,photo_album_13,20.0
60,photo_album_17,20.0
667,photo_album_68,20.0
810,photo_album_69,20.0
-15876,photo_album_56,20.0
54,photo_album_73,20.0
-16057,photo_album_36,20.0
-15381,photo_album_28,20.0
-16067,photo_album_36,20.0
-14523,photo_album_37,20.0
2,photo_album_55,20.0
-14522,photo_album_37,20.0
1687,photo_album_40,20.0
2094,photo_album_88,20.0
210,photo_album_57,20.0
210,photo_album_8,20.0
727,photo_album_68,20.0
-14204,photo_album_33,20.0
-16173,photo_album_36,20.0
-14188,photo_album_26,20.0
1656,photo_album_56,20.0
930,photo_album_68,20.0
-16219,photo_album_37,20.0
-13689,photo_album_31,20.0
27,photo_album_55,20.0
-13415,photo_album_85,20.0
295,photo_album_47,20.0
1527,photo_album_96,20.0
1992,photo_album_21,20.0
-16056,photo_album_36,20.0
537,photo_album_18,20.0
-16052,photo_album_37,20.0
-15881,photo_album_56,20.0
-15867,photo_album_83,20.0
1832,photo_album_38,20.0
1828,photo_album_36,20.0
-15641,photo_album_56,20.0
1820,photo_album_36,20.0
1867,photo_album_60,20.0
1867,photo_album_99,20.0
74,photo_album_97,20.0
19,photo_album_67,20.0
1762,photo_album_1,20.0
1761,photo_album_1,20.0
1912,photo_album_33,20.0
-15985,photo_album_32,20.0
1921,photo_album_33,20.0
1756,photo_album_1,20.0
-15407,photo_album_36,20.0
1741,photo_album_86,20.0
-16023,photo_album_39,20.0
-16024,photo_album_39,20.0
-16049,photo_album_32,20.0
1516,photo_album_54,20.0
1513,photo_album_54,20.0
307,photo_album_47,20.0
31,photo_album_73,20.0
124,photo_album_64,20.0
875,photo_album_69,20.0
461,photo_album_88,20.0
1217,photo_album_81,20.0
1200,photo_album_61,20.0
1196,photo_album_7,20.0
1195,photo_album_6,20.0
487,photo_album_2,20.0
487,photo_album_43,20.0
489,photo_album_47,20.0
497,photo_album_88,20.0
499,photo_album_47,20.0
502,photo_album_47,20.0
502,photo_album_88,20.0
503,photo_album_16,20.0
1167,photo_album_6,20.0
508,photo_album_47,20.0
-8828,photo_album_55,20.0
696,photo_album_76,20.0
520,photo_album_47,20.0
528,photo_album_64,20.0
1240,photo_album_61,20.0
-13326,photo_album_74,20.0
440,photo_album_100,20.0
1398,photo_album_94,20.0
-13404,photo_album_57,20.0
314,photo_album_47,20.0
318,photo_album_47,20.0
717,photo_album_96,20.0
-15876,photo_album_83,20.0
1495,photo_album_70,20.0
333,photo_album_58,20.0
886,photo_album_69,20.0
1492,photo_album_54,20.0
361,photo_album_96,20.0
876,photo_album_40,20.0
-18382,photo_album_63,20.0
-18383,photo_album_63,20.0
-18384,photo_album_63,20.0
1359,photo_album_71,20.0
-18478,photo_album_60,20.0
-18479,photo_album_60,20.0
-18480,photo_album_44,20.0
410,photo_album_100,20.0
431,photo_album_100,20.0
1749,photo_album_86,20.0
UNIDENTIFIED,share,18.0
32,photo_album_11,17.647058823529413
340,photo_album_30,16.666666666666668
60,photo_album_55,15.0
2130,photo_album_74,15.0
680,photo_album_12,12.5
668,photo_album_25,12.5
1574,photo_album_25,12.5
47,photo_album_11,11.11111111111111
1365,photo_album_27,11.11111111111111
1175,photo_album_1,11.11111111111111
374,photo_album_21,11.11111111111111
1244,photo_album_13,11.11111111111111
-13287,photo_album_1,11.11111111111111
47,photo_album_17,10.526315789473685
-13365,photo_album_74,10.0
-18740,photo_album_63,10.0
-9446,photo_album_56,10.0
-9408,photo_album_83,10.0
-8828,photo_album_67,10.0
-8820,photo_album_17,10.0
-18742,photo_album_63,10.0
-18676,photo_album_99,10.0
-18739,photo_album_63,10.0
-13287,photo_album_14,10.0
-18579,photo_album_99,10.0
-18578,photo_album_99,10.0
-18577,photo_album_99,10.0
-18576,photo_album_99,10.0
-9446,photo_album_83,10.0
-9447,photo_album_83,10.0
-9447,photo_album_56,10.0
-17650,photo_album_66,10.0
-9505,photo_album_48,10.0
-9551,photo_album_86,10.0
-9578,photo_album_64,10.0
-9638,photo_album_39,10.0
-9814,photo_album_2,10.0
-9815,photo_album_2,10.0
1027,photo_album_19,10.0
1028,photo_album_66,10.0
1113,photo_album_35,10.0
-12986,photo_album_4,10.0
1148,photo_album_32,10.0
1168,photo_album_1,10.0
-17676,photo_album_66,10.0
-17536,photo_album_66,10.0
981,photo_album_68,10.0
-14197,photo_album_33,10.0
-13389,photo_album_57,10.0
-13415,photo_album_57,10.0
-13432,photo_album_85,10.0
-13361,photo_album_74,10.0
-13440,photo_album_8,10.0
-13447,photo_album_85,10.0
-13360,photo_album_74,10.0
986,photo_album_68,10.0
-13686,photo_album_31,10.0
-13826,photo_album_3,10.0
-13338,photo_album_74,10.0
-14103,photo_album_70,10.0
-14185,photo_album_70,10.0
-14228,photo_album_70,10.0
-17482,photo_album_66,10.0
-14453,photo_album_37,10.0
-14454,photo_album_37,10.0
-13331,photo_album_74,10.0
913,photo_album_68,10.0
-14463,photo_album_39,10.0
-14481,photo_album_37,10.0
-14502,photo_album_39,10.0
-15433,photo_album_38,10.0
-13305,photo_album_14,10.0
-15641,photo_album_83,10.0
-15874,photo_album_56,10.0
-15874,photo_album_83,10.0
-16178,photo_album_36,10.0
-15586,photo_album_90,10.0
1129,photo_album_58,10.0
1755,photo_album_1,10.0
789,photo_album_68,10.0
776,photo_album_58,10.0
1624,photo_album_33,10.0
1659,photo_album_38,10.0
1668,photo_album_4,10.0
1676,photo_album_40,10.0
1702,photo_album_31,10.0
1741,photo_album_91,10.0
1749,photo_album_91,10.0
747,photo_album_68,10.0
746,photo_album_68,10.0
1762,photo_album_19,10.0
1765,photo_album_1,10.0
1876,photo_album_63,10.0
1911,photo_album_33,10.0
1958,photo_album_64,10.0
2106,photo_album_64,10.0
2109,photo_album_64,10.0
314,photo_album_88,10.0
473,photo_album_47,10.0
48,photo_album_7,10.0
489,photo_album_88,10.0
496,photo_album_16,10.0
513,photo_album_16,10.0
522,photo_album_16,10.0
536,photo_album_69,10.0
58,photo_album_23,10.0
610,photo_album_69,10.0
629,photo_album_69,10.0
637,photo_album_69,10.0
1574,photo_album_54,10.0
-10023,photo_album_99,10.0
1256,photo_album_13,10.0
1508,photo_album_70,10.0
146,photo_album_81,10.0
1481,photo_album_26,10.0
1384,photo_album_54,10.0
1500,photo_album_53,10.0
146,photo_album_2,10.0
1169,photo_album_18,5.2631578947368425
47,photo_album_42,5.0
718,photo_album_69,0.0
1117,photo_album_35,0.0
-14120,photo_album_26,0.0
1122,photo_album_58,0.0
32,photo_album_55,0.0
-13577,photo_album_31,0.0
-13562,photo_album_31,0.0
455,photo_album_16,0.0
716,photo_album_94,0.0
719,photo_album_69,0.0
299,photo_album_16,0.0
1553,photo_album_54,0.0
-13383,photo_album_74,0.0
1129,photo_album_51,0.0
720,photo_album_69,0.0
482,photo_album_88,0.0
1130,photo_album_35,0.0
1133,photo_album_35,0.0
1140,photo_album_18,0.0
1256,photo_album_18,0.0
-13308,photo_album_19,0.0
-13308,photo_album_14,0.0
601,photo_album_16,0.0
1242,photo_album_18,0.0
1181,photo_album_13,0.0
-14209,photo_album_70,0.0
1401,photo_album_94,0.0
296,photo_album_16,0.0
292,photo_album_88,0.0
-9445,photo_album_56,0.0
-9461,photo_album_56,0.0
-9408,photo_album_56,0.0
-9266,photo_album_74,0.0
1620,photo_album_31,0.0
-8820,photo_album_55,0.0
-9551,photo_album_91,0.0
1675,photo_album_31,0.0
-9578,photo_album_39,0.0
84,photo_album_17,0.0
84,photo_album_11,0.0
79,photo_album_98,0.0
1183,photo_album_13,0.0
1759,photo_album_19,0.0
-16951,photo_album_21,0.0
-16187,photo_album_64,0.0
-9818,photo_album_81,0.0
-9819,photo_album_81,0.0
19,photo_album_11,0.0
19,photo_album_17,0.0
1456,photo_album_94,0.0
-15449,photo_album_38,0.0
1402,photo_album_94,0.0
1996,photo_album_64,0.0
2069,photo_album_66,0.0
1106,photo_album_51,0.0
16,photo_album_68,0.0
1183,photo_album_18,0.0
